{"chunk_definitions":[{"row":66,"row_count":1,"visible":true,"expansion_state":0,"options":{"engine":"r","label":"unnamed-chunk-3"},"document_id":"A0222571","chunk_id":"cnr1ufq6x9z3q","chunk_label":"unnamed-chunk-2"},{"row":91,"row_count":1,"visible":true,"expansion_state":0,"options":{"engine":"r","label":"unnamed-chunk-5"},"document_id":"A0222571","chunk_id":"cl4yp69uogxmb","chunk_label":"unnamed-chunk-3"},{"row":104,"row_count":1,"visible":true,"expansion_state":0,"options":{"engine":"r","label":"unnamed-chunk-8"},"document_id":"A0222571","chunk_id":"caoplain81z7b","chunk_label":"unnamed-chunk-4"},{"row":116,"row_count":1,"visible":true,"expansion_state":0,"options":{"engine":"r","label":"unnamed-chunk-9"},"document_id":"A0222571","chunk_id":"co6791fwtzt6r","chunk_label":"unnamed-chunk-5"}],"doc_write_time":1670595280}