Series Name,Series Code,Country Name,Country Code,2017 [YR2017]
"GDP per capita, PPP (constant 2017 international $)",NY.GDP.PCAP.PP.KD,Afghanistan,AFG,2096.09311055337
"GDP per capita, PPP (constant 2017 international $)",NY.GDP.PCAP.PP.KD,Albania,ALB,12770.9918634405
"GDP per capita, PPP (constant 2017 international $)",NY.GDP.PCAP.PP.KD,Algeria,DZA,11809.4830333846
"GDP per capita, PPP (constant 2017 international $)",NY.GDP.PCAP.PP.KD,American Samoa,ASM,..
"GDP per capita, PPP (constant 2017 international $)",NY.GDP.PCAP.PP.KD,Andorra,AND,..
"GDP per capita, PPP (constant 2017 international $)",NY.GDP.PCAP.PP.KD,Angola,AGO,7216.06137267002
"GDP per capita, PPP (constant 2017 international $)",NY.GDP.PCAP.PP.KD,Antigua and Barbuda,ATG,20777.5594989337
"GDP per capita, PPP (constant 2017 international $)",NY.GDP.PCAP.PP.KD,Argentina,ARG,23597.117752839
"GDP per capita, PPP (constant 2017 international $)",NY.GDP.PCAP.PP.KD,Armenia,ARM,12509.6396064818
"GDP per capita, PPP (constant 2017 international $)",NY.GDP.PCAP.PP.KD,Aruba,ABW,38865.188195117
"GDP per capita, PPP (constant 2017 international $)",NY.GDP.PCAP.PP.KD,Australia,AUS,48400.2457875228
"GDP per capita, PPP (constant 2017 international $)",NY.GDP.PCAP.PP.KD,Austria,AUT,54172.9867888254
"GDP per capita, PPP (constant 2017 international $)",NY.GDP.PCAP.PP.KD,Azerbaijan,AZE,14121.4069355591
"GDP per capita, PPP (constant 2017 international $)",NY.GDP.PCAP.PP.KD,"Bahamas, The",BHS,34067.8461834433
"GDP per capita, PPP (constant 2017 international $)",NY.GDP.PCAP.PP.KD,Bahrain,BHR,48929.4470119951
"GDP per capita, PPP (constant 2017 international $)",NY.GDP.PCAP.PP.KD,Bangladesh,BGD,4830.7760826813
"GDP per capita, PPP (constant 2017 international $)",NY.GDP.PCAP.PP.KD,Barbados,BRB,16198.9621604366
"GDP per capita, PPP (constant 2017 international $)",NY.GDP.PCAP.PP.KD,Belarus,BLR,18356.0660575514
"GDP per capita, PPP (constant 2017 international $)",NY.GDP.PCAP.PP.KD,Belgium,BEL,50442.2705419624
"GDP per capita, PPP (constant 2017 international $)",NY.GDP.PCAP.PP.KD,Belize,BLZ,8873.7540251936
"GDP per capita, PPP (constant 2017 international $)",NY.GDP.PCAP.PP.KD,Benin,BEN,2933.8373843172
"GDP per capita, PPP (constant 2017 international $)",NY.GDP.PCAP.PP.KD,Bermuda,BMU,81834.9558735543
"GDP per capita, PPP (constant 2017 international $)",NY.GDP.PCAP.PP.KD,Bhutan,BTN,10986.8881359297
"GDP per capita, PPP (constant 2017 international $)",NY.GDP.PCAP.PP.KD,Bolivia,BOL,8244.93344575115
"GDP per capita, PPP (constant 2017 international $)",NY.GDP.PCAP.PP.KD,Bosnia and Herzegovina,BIH,13582.1847524863
"GDP per capita, PPP (constant 2017 international $)",NY.GDP.PCAP.PP.KD,Botswana,BWA,14656.772988721
"GDP per capita, PPP (constant 2017 international $)",NY.GDP.PCAP.PP.KD,Brazil,BRA,14477.8617680601
"GDP per capita, PPP (constant 2017 international $)",NY.GDP.PCAP.PP.KD,British Virgin Islands,VGB,..
"GDP per capita, PPP (constant 2017 international $)",NY.GDP.PCAP.PP.KD,Brunei Darussalam,BRN,60173.0511336013
"GDP per capita, PPP (constant 2017 international $)",NY.GDP.PCAP.PP.KD,Bulgaria,BGR,21469.9708893116
"GDP per capita, PPP (constant 2017 international $)",NY.GDP.PCAP.PP.KD,Burkina Faso,BFA,1978.15501161376
"GDP per capita, PPP (constant 2017 international $)",NY.GDP.PCAP.PP.KD,Burundi,BDI,750.787616270977
"GDP per capita, PPP (constant 2017 international $)",NY.GDP.PCAP.PP.KD,Cabo Verde,CPV,7130.85415218192
"GDP per capita, PPP (constant 2017 international $)",NY.GDP.PCAP.PP.KD,Cambodia,KHM,3972.72416392795
"GDP per capita, PPP (constant 2017 international $)",NY.GDP.PCAP.PP.KD,Cameroon,CMR,3691.09472365252
"GDP per capita, PPP (constant 2017 international $)",NY.GDP.PCAP.PP.KD,Canada,CAN,48317.1745835151
"GDP per capita, PPP (constant 2017 international $)",NY.GDP.PCAP.PP.KD,Cayman Islands,CYM,69534.7717494434
"GDP per capita, PPP (constant 2017 international $)",NY.GDP.PCAP.PP.KD,Central African Republic,CAF,839.600009452135
"GDP per capita, PPP (constant 2017 international $)",NY.GDP.PCAP.PP.KD,Chad,TCD,1579.76060047631
"GDP per capita, PPP (constant 2017 international $)",NY.GDP.PCAP.PP.KD,Channel Islands,CHI,..
"GDP per capita, PPP (constant 2017 international $)",NY.GDP.PCAP.PP.KD,Chile,CHL,24546.9124208604
"GDP per capita, PPP (constant 2017 international $)",NY.GDP.PCAP.PP.KD,China,CHN,14243.5326108491
"GDP per capita, PPP (constant 2017 international $)",NY.GDP.PCAP.PP.KD,Colombia,COL,14334.9146083622
"GDP per capita, PPP (constant 2017 international $)",NY.GDP.PCAP.PP.KD,Comoros,COM,3240.17917020286
"GDP per capita, PPP (constant 2017 international $)",NY.GDP.PCAP.PP.KD,"Congo, Dem. Rep.",COD,1023.53983315292
"GDP per capita, PPP (constant 2017 international $)",NY.GDP.PCAP.PP.KD,"Congo, Rep.",COG,4073.92608527555
"GDP per capita, PPP (constant 2017 international $)",NY.GDP.PCAP.PP.KD,Costa Rica,CRI,20168.2204808997
"GDP per capita, PPP (constant 2017 international $)",NY.GDP.PCAP.PP.KD,Cote d'Ivoire,CIV,4836.04836654882
"GDP per capita, PPP (constant 2017 international $)",NY.GDP.PCAP.PP.KD,Croatia,HRV,27206.9357140804
"GDP per capita, PPP (constant 2017 international $)",NY.GDP.PCAP.PP.KD,Cuba,CUB,..
"GDP per capita, PPP (constant 2017 international $)",NY.GDP.PCAP.PP.KD,Curacao,CUW,24599.9378277875
"GDP per capita, PPP (constant 2017 international $)",NY.GDP.PCAP.PP.KD,Cyprus,CYP,38415.109375
"GDP per capita, PPP (constant 2017 international $)",NY.GDP.PCAP.PP.KD,Czechia,CZE,38824.8879170919
"GDP per capita, PPP (constant 2017 international $)",NY.GDP.PCAP.PP.KD,Denmark,DNK,55356.680780178
"GDP per capita, PPP (constant 2017 international $)",NY.GDP.PCAP.PP.KD,Djibouti,DJI,4451.68384614482
"GDP per capita, PPP (constant 2017 international $)",NY.GDP.PCAP.PP.KD,Dominica,DMA,11511.6064241415
"GDP per capita, PPP (constant 2017 international $)",NY.GDP.PCAP.PP.KD,Dominican Republic,DOM,16524.5338420587
"GDP per capita, PPP (constant 2017 international $)",NY.GDP.PCAP.PP.KD,Ecuador,ECU,11679.4302342769
"GDP per capita, PPP (constant 2017 international $)",NY.GDP.PCAP.PP.KD,"Egypt, Arab Rep.",EGY,10995.0056689479
"GDP per capita, PPP (constant 2017 international $)",NY.GDP.PCAP.PP.KD,El Salvador,SLV,8617.92170824529
"GDP per capita, PPP (constant 2017 international $)",NY.GDP.PCAP.PP.KD,Equatorial Guinea,GNQ,19617.8447053636
"GDP per capita, PPP (constant 2017 international $)",NY.GDP.PCAP.PP.KD,Eritrea,ERI,..
"GDP per capita, PPP (constant 2017 international $)",NY.GDP.PCAP.PP.KD,Estonia,EST,33821.93290847
"GDP per capita, PPP (constant 2017 international $)",NY.GDP.PCAP.PP.KD,Eswatini,SWZ,8213.9206193606
"GDP per capita, PPP (constant 2017 international $)",NY.GDP.PCAP.PP.KD,Ethiopia,ETH,1987.96875367138
"GDP per capita, PPP (constant 2017 international $)",NY.GDP.PCAP.PP.KD,Faroe Islands,FRO,..
"GDP per capita, PPP (constant 2017 international $)",NY.GDP.PCAP.PP.KD,Fiji,FJI,12822.0136079769
"GDP per capita, PPP (constant 2017 international $)",NY.GDP.PCAP.PP.KD,Finland,FIN,47570.133583848
"GDP per capita, PPP (constant 2017 international $)",NY.GDP.PCAP.PP.KD,France,FRA,44577.0645745394
"GDP per capita, PPP (constant 2017 international $)",NY.GDP.PCAP.PP.KD,French Polynesia,PYF,..
"GDP per capita, PPP (constant 2017 international $)",NY.GDP.PCAP.PP.KD,Gabon,GAB,14478.1303050188
"GDP per capita, PPP (constant 2017 international $)",NY.GDP.PCAP.PP.KD,"Gambia, The",GMB,1927.0399420242
"GDP per capita, PPP (constant 2017 international $)",NY.GDP.PCAP.PP.KD,Georgia,GEO,13589.7073915159
"GDP per capita, PPP (constant 2017 international $)",NY.GDP.PCAP.PP.KD,Germany,DEU,53071.4555699913
"GDP per capita, PPP (constant 2017 international $)",NY.GDP.PCAP.PP.KD,Ghana,GHA,4929.56795405121
"GDP per capita, PPP (constant 2017 international $)",NY.GDP.PCAP.PP.KD,Gibraltar,GIB,..
"GDP per capita, PPP (constant 2017 international $)",NY.GDP.PCAP.PP.KD,Greece,GRC,28604.8609402657
"GDP per capita, PPP (constant 2017 international $)",NY.GDP.PCAP.PP.KD,Greenland,GRL,..
"GDP per capita, PPP (constant 2017 international $)",NY.GDP.PCAP.PP.KD,Grenada,GRD,14870.0314945401
"GDP per capita, PPP (constant 2017 international $)",NY.GDP.PCAP.PP.KD,Guam,GUM,..
"GDP per capita, PPP (constant 2017 international $)",NY.GDP.PCAP.PP.KD,Guatemala,GTM,8322.21680991504
"GDP per capita, PPP (constant 2017 international $)",NY.GDP.PCAP.PP.KD,Guinea,GIN,2383.57886734293
"GDP per capita, PPP (constant 2017 international $)",NY.GDP.PCAP.PP.KD,Guinea-Bissau,GNB,1872.30928139809
"GDP per capita, PPP (constant 2017 international $)",NY.GDP.PCAP.PP.KD,Guyana,GUY,12193.6216799112
"GDP per capita, PPP (constant 2017 international $)",NY.GDP.PCAP.PP.KD,Haiti,HTI,3200.04218273499
"GDP per capita, PPP (constant 2017 international $)",NY.GDP.PCAP.PP.KD,Honduras,HND,5447.69879159062
"GDP per capita, PPP (constant 2017 international $)",NY.GDP.PCAP.PP.KD,"Hong Kong SAR, China",HKG,59842.2129961658
"GDP per capita, PPP (constant 2017 international $)",NY.GDP.PCAP.PP.KD,Hungary,HUN,29496.1636824744
"GDP per capita, PPP (constant 2017 international $)",NY.GDP.PCAP.PP.KD,Iceland,ISL,55638.4920591796
"GDP per capita, PPP (constant 2017 international $)",NY.GDP.PCAP.PP.KD,India,IND,6112.06664986136
"GDP per capita, PPP (constant 2017 international $)",NY.GDP.PCAP.PP.KD,Indonesia,IDN,10941.9209510231
"GDP per capita, PPP (constant 2017 international $)",NY.GDP.PCAP.PP.KD,"Iran, Islamic Rep.",IRN,15163.292311303
"GDP per capita, PPP (constant 2017 international $)",NY.GDP.PCAP.PP.KD,Iraq,IRQ,9976.85494186285
"GDP per capita, PPP (constant 2017 international $)",NY.GDP.PCAP.PP.KD,Ireland,IRL,77968.6298525543
"GDP per capita, PPP (constant 2017 international $)",NY.GDP.PCAP.PP.KD,Isle of Man,IMN,..
"GDP per capita, PPP (constant 2017 international $)",NY.GDP.PCAP.PP.KD,Israel,ISR,39448.1391458162
"GDP per capita, PPP (constant 2017 international $)",NY.GDP.PCAP.PP.KD,Italy,ITA,41581.120790548
"GDP per capita, PPP (constant 2017 international $)",NY.GDP.PCAP.PP.KD,Jamaica,JAM,9984.57711737026
"GDP per capita, PPP (constant 2017 international $)",NY.GDP.PCAP.PP.KD,Japan,JPN,41444.2157443914
"GDP per capita, PPP (constant 2017 international $)",NY.GDP.PCAP.PP.KD,Jordan,JOR,9629.10299712751
"GDP per capita, PPP (constant 2017 international $)",NY.GDP.PCAP.PP.KD,Kazakhstan,KAZ,24862.9661245889
"GDP per capita, PPP (constant 2017 international $)",NY.GDP.PCAP.PP.KD,Kenya,KEN,4312.90891724989
"GDP per capita, PPP (constant 2017 international $)",NY.GDP.PCAP.PP.KD,Kiribati,KIR,1970.82588122744
"GDP per capita, PPP (constant 2017 international $)",NY.GDP.PCAP.PP.KD,"Korea, Dem. People's Rep.",PRK,..
"GDP per capita, PPP (constant 2017 international $)",NY.GDP.PCAP.PP.KD,"Korea, Rep.",KOR,40957.4180587145
"GDP per capita, PPP (constant 2017 international $)",NY.GDP.PCAP.PP.KD,Kosovo,XKX,10436.1688459323
"GDP per capita, PPP (constant 2017 international $)",NY.GDP.PCAP.PP.KD,Kuwait,KWT,50007.2995366017
"GDP per capita, PPP (constant 2017 international $)",NY.GDP.PCAP.PP.KD,Kyrgyz Republic,KGZ,5046.69153549095
"GDP per capita, PPP (constant 2017 international $)",NY.GDP.PCAP.PP.KD,Lao PDR,LAO,7211.25908924885
"GDP per capita, PPP (constant 2017 international $)",NY.GDP.PCAP.PP.KD,Latvia,LVA,28673.5633962664
"GDP per capita, PPP (constant 2017 international $)",NY.GDP.PCAP.PP.KD,Lebanon,LBN,17808.076885992
"GDP per capita, PPP (constant 2017 international $)",NY.GDP.PCAP.PP.KD,Lesotho,LSO,2571.69411268488
"GDP per capita, PPP (constant 2017 international $)",NY.GDP.PCAP.PP.KD,Liberia,LBR,1533.41123787771
"GDP per capita, PPP (constant 2017 international $)",NY.GDP.PCAP.PP.KD,Libya,LBY,24212.9109270915
"GDP per capita, PPP (constant 2017 international $)",NY.GDP.PCAP.PP.KD,Liechtenstein,LIE,..
"GDP per capita, PPP (constant 2017 international $)",NY.GDP.PCAP.PP.KD,Lithuania,LTU,33761.871239796
"GDP per capita, PPP (constant 2017 international $)",NY.GDP.PCAP.PP.KD,Luxembourg,LUX,114985.842235989
"GDP per capita, PPP (constant 2017 international $)",NY.GDP.PCAP.PP.KD,"Macao SAR, China",MAC,122977.508955087
"GDP per capita, PPP (constant 2017 international $)",NY.GDP.PCAP.PP.KD,Madagascar,MDG,1548.1564247984
"GDP per capita, PPP (constant 2017 international $)",NY.GDP.PCAP.PP.KD,Malawi,MWI,1454.77749244971
"GDP per capita, PPP (constant 2017 international $)",NY.GDP.PCAP.PP.KD,Malaysia,MYS,25935.1395225396
"GDP per capita, PPP (constant 2017 international $)",NY.GDP.PCAP.PP.KD,Maldives,MDV,18973.5689598296
"GDP per capita, PPP (constant 2017 international $)",NY.GDP.PCAP.PP.KD,Mali,MLI,2153.84563800797
"GDP per capita, PPP (constant 2017 international $)",NY.GDP.PCAP.PP.KD,Malta,MLT,43508.7832565182
"GDP per capita, PPP (constant 2017 international $)",NY.GDP.PCAP.PP.KD,Marshall Islands,MHL,4635.01718995106
"GDP per capita, PPP (constant 2017 international $)",NY.GDP.PCAP.PP.KD,Mauritania,MRT,5259.06506294936
"GDP per capita, PPP (constant 2017 international $)",NY.GDP.PCAP.PP.KD,Mauritius,MUS,22143.8265496345
"GDP per capita, PPP (constant 2017 international $)",NY.GDP.PCAP.PP.KD,Mexico,MEX,20032.4086125948
"GDP per capita, PPP (constant 2017 international $)",NY.GDP.PCAP.PP.KD,"Micronesia, Fed. Sts.",FSM,3522.34936744575
"GDP per capita, PPP (constant 2017 international $)",NY.GDP.PCAP.PP.KD,Moldova,MDA,11464.0181535546
"GDP per capita, PPP (constant 2017 international $)",NY.GDP.PCAP.PP.KD,Monaco,MCO,..
"GDP per capita, PPP (constant 2017 international $)",NY.GDP.PCAP.PP.KD,Mongolia,MNG,11431.4980163967
"GDP per capita, PPP (constant 2017 international $)",NY.GDP.PCAP.PP.KD,Montenegro,MNE,19682.2941546438
"GDP per capita, PPP (constant 2017 international $)",NY.GDP.PCAP.PP.KD,Morocco,MAR,7921.619140625
"GDP per capita, PPP (constant 2017 international $)",NY.GDP.PCAP.PP.KD,Mozambique,MOZ,1287.23486734661
"GDP per capita, PPP (constant 2017 international $)",NY.GDP.PCAP.PP.KD,Myanmar,MMR,4312.94738940376
"GDP per capita, PPP (constant 2017 international $)",NY.GDP.PCAP.PP.KD,Namibia,NAM,10335.2674258223
"GDP per capita, PPP (constant 2017 international $)",NY.GDP.PCAP.PP.KD,Nauru,NRU,9359.98672496946
"GDP per capita, PPP (constant 2017 international $)",NY.GDP.PCAP.PP.KD,Nepal,NPL,3495.52880048305
"GDP per capita, PPP (constant 2017 international $)",NY.GDP.PCAP.PP.KD,Netherlands,NLD,55088.6338006744
"GDP per capita, PPP (constant 2017 international $)",NY.GDP.PCAP.PP.KD,New Caledonia,NCL,..
"GDP per capita, PPP (constant 2017 international $)",NY.GDP.PCAP.PP.KD,New Zealand,NZL,42204.7457412663
"GDP per capita, PPP (constant 2017 international $)",NY.GDP.PCAP.PP.KD,Nicaragua,NIC,5915.37544335425
"GDP per capita, PPP (constant 2017 international $)",NY.GDP.PCAP.PP.KD,Niger,NER,1155.97355904554
"GDP per capita, PPP (constant 2017 international $)",NY.GDP.PCAP.PP.KD,Nigeria,NGA,5120.00559777914
"GDP per capita, PPP (constant 2017 international $)",NY.GDP.PCAP.PP.KD,North Macedonia,MKD,15706.4827012923
"GDP per capita, PPP (constant 2017 international $)",NY.GDP.PCAP.PP.KD,Northern Mariana Islands,MNP,..
"GDP per capita, PPP (constant 2017 international $)",NY.GDP.PCAP.PP.KD,Norway,NOR,64589.5559196863
"GDP per capita, PPP (constant 2017 international $)",NY.GDP.PCAP.PP.KD,Oman,OMN,34218.3881261022
"GDP per capita, PPP (constant 2017 international $)",NY.GDP.PCAP.PP.KD,Pakistan,PAK,4891.71977393238
"GDP per capita, PPP (constant 2017 international $)",NY.GDP.PCAP.PP.KD,Palau,PLW,17594.9938541658
"GDP per capita, PPP (constant 2017 international $)",NY.GDP.PCAP.PP.KD,Panama,PAN,31638.1519150957
"GDP per capita, PPP (constant 2017 international $)",NY.GDP.PCAP.PP.KD,Papua New Guinea,PNG,3967.01619620096
"GDP per capita, PPP (constant 2017 international $)",NY.GDP.PCAP.PP.KD,Paraguay,PRY,13604.1747171995
"GDP per capita, PPP (constant 2017 international $)",NY.GDP.PCAP.PP.KD,Peru,PER,12442.7464624852
"GDP per capita, PPP (constant 2017 international $)",NY.GDP.PCAP.PP.KD,Philippines,PHL,8001.75648006143
"GDP per capita, PPP (constant 2017 international $)",NY.GDP.PCAP.PP.KD,Poland,POL,29958.1207092074
"GDP per capita, PPP (constant 2017 international $)",NY.GDP.PCAP.PP.KD,Portugal,PRT,33044.7167387479
"GDP per capita, PPP (constant 2017 international $)",NY.GDP.PCAP.PP.KD,Puerto Rico,PRI,34363.7459921451
"GDP per capita, PPP (constant 2017 international $)",NY.GDP.PCAP.PP.KD,Qatar,QAT,92177.595943793
"GDP per capita, PPP (constant 2017 international $)",NY.GDP.PCAP.PP.KD,Romania,ROU,26943.3477378323
"GDP per capita, PPP (constant 2017 international $)",NY.GDP.PCAP.PP.KD,Russian Federation,RUS,25926.443359375
"GDP per capita, PPP (constant 2017 international $)",NY.GDP.PCAP.PP.KD,Rwanda,RWA,1934.97295529462
"GDP per capita, PPP (constant 2017 international $)",NY.GDP.PCAP.PP.KD,Samoa,WSM,6238.90402095554
"GDP per capita, PPP (constant 2017 international $)",NY.GDP.PCAP.PP.KD,San Marino,SMR,58201.5271010611
"GDP per capita, PPP (constant 2017 international $)",NY.GDP.PCAP.PP.KD,Sao Tome and Principe,STP,3934.89420037417
"GDP per capita, PPP (constant 2017 international $)",NY.GDP.PCAP.PP.KD,Saudi Arabia,SAU,47551.8595195922
"GDP per capita, PPP (constant 2017 international $)",NY.GDP.PCAP.PP.KD,Senegal,SEN,3259.19257987366
"GDP per capita, PPP (constant 2017 international $)",NY.GDP.PCAP.PP.KD,Serbia,SRB,16611.047931719
"GDP per capita, PPP (constant 2017 international $)",NY.GDP.PCAP.PP.KD,Seychelles,SYC,27336.6083673938
"GDP per capita, PPP (constant 2017 international $)",NY.GDP.PCAP.PP.KD,Sierra Leone,SLE,1593.51532239987
"GDP per capita, PPP (constant 2017 international $)",NY.GDP.PCAP.PP.KD,Singapore,SGP,95334.1455686864
"GDP per capita, PPP (constant 2017 international $)",NY.GDP.PCAP.PP.KD,Sint Maarten (Dutch part),SXM,37914.1229673611
"GDP per capita, PPP (constant 2017 international $)",NY.GDP.PCAP.PP.KD,Slovak Republic,SVK,30142.3674521189
"GDP per capita, PPP (constant 2017 international $)",NY.GDP.PCAP.PP.KD,Slovenia,SVN,36507.5530416531
"GDP per capita, PPP (constant 2017 international $)",NY.GDP.PCAP.PP.KD,Solomon Islands,SLB,2625.13452999906
"GDP per capita, PPP (constant 2017 international $)",NY.GDP.PCAP.PP.KD,Somalia,SOM,1059.14393225513
"GDP per capita, PPP (constant 2017 international $)",NY.GDP.PCAP.PP.KD,South Africa,ZAF,13950.4534760766
"GDP per capita, PPP (constant 2017 international $)",NY.GDP.PCAP.PP.KD,South Sudan,SSD,..
"GDP per capita, PPP (constant 2017 international $)",NY.GDP.PCAP.PP.KD,Spain,ESP,39550.1890761123
"GDP per capita, PPP (constant 2017 international $)",NY.GDP.PCAP.PP.KD,Sri Lanka,LKA,13544.5189855638
"GDP per capita, PPP (constant 2017 international $)",NY.GDP.PCAP.PP.KD,St. Kitts and Nevis,KNA,29333.5983675877
"GDP per capita, PPP (constant 2017 international $)",NY.GDP.PCAP.PP.KD,St. Lucia,LCA,15247.4064635777
"GDP per capita, PPP (constant 2017 international $)",NY.GDP.PCAP.PP.KD,St. Martin (French part),MAF,..
"GDP per capita, PPP (constant 2017 international $)",NY.GDP.PCAP.PP.KD,St. Vincent and the Grenadines,VCT,13575.4491660098
"GDP per capita, PPP (constant 2017 international $)",NY.GDP.PCAP.PP.KD,Sudan,SDN,4613.9501953125
"GDP per capita, PPP (constant 2017 international $)",NY.GDP.PCAP.PP.KD,Suriname,SUR,17753.0602652976
"GDP per capita, PPP (constant 2017 international $)",NY.GDP.PCAP.PP.KD,Sweden,SWE,51947.9542478244
"GDP per capita, PPP (constant 2017 international $)",NY.GDP.PCAP.PP.KD,Switzerland,CHE,68193.5054944094
"GDP per capita, PPP (constant 2017 international $)",NY.GDP.PCAP.PP.KD,Syrian Arab Republic,SYR,..
"GDP per capita, PPP (constant 2017 international $)",NY.GDP.PCAP.PP.KD,Tajikistan,TJK,3236.43934350302
"GDP per capita, PPP (constant 2017 international $)",NY.GDP.PCAP.PP.KD,Tanzania,TZA,2457.61840820313
"GDP per capita, PPP (constant 2017 international $)",NY.GDP.PCAP.PP.KD,Thailand,THA,17008.0384242563
"GDP per capita, PPP (constant 2017 international $)",NY.GDP.PCAP.PP.KD,Timor-Leste,TLS,3138.43882271123
"GDP per capita, PPP (constant 2017 international $)",NY.GDP.PCAP.PP.KD,Togo,TGO,1972.69719612945
"GDP per capita, PPP (constant 2017 international $)",NY.GDP.PCAP.PP.KD,Tonga,TON,6257.08973358404
"GDP per capita, PPP (constant 2017 international $)",NY.GDP.PCAP.PP.KD,Trinidad and Tobago,TTO,26213.9245095011
"GDP per capita, PPP (constant 2017 international $)",NY.GDP.PCAP.PP.KD,Tunisia,TUN,10874.9468863561
"GDP per capita, PPP (constant 2017 international $)",NY.GDP.PCAP.PP.KD,Turkiye,TUR,27582.8323486902
"GDP per capita, PPP (constant 2017 international $)",NY.GDP.PCAP.PP.KD,Turkmenistan,TKM,13703.5127239741
"GDP per capita, PPP (constant 2017 international $)",NY.GDP.PCAP.PP.KD,Turks and Caicos Islands,TCA,25207.8316863304
"GDP per capita, PPP (constant 2017 international $)",NY.GDP.PCAP.PP.KD,Tuvalu,TUV,4236.40302293645
"GDP per capita, PPP (constant 2017 international $)",NY.GDP.PCAP.PP.KD,Uganda,UGA,2128.39686875714
"GDP per capita, PPP (constant 2017 international $)",NY.GDP.PCAP.PP.KD,Ukraine,UKR,11860.560546875
"GDP per capita, PPP (constant 2017 international $)",NY.GDP.PCAP.PP.KD,United Arab Emirates,ARE,71182.3707169574
"GDP per capita, PPP (constant 2017 international $)",NY.GDP.PCAP.PP.KD,United Kingdom,GBR,46104.0553969908
"GDP per capita, PPP (constant 2017 international $)",NY.GDP.PCAP.PP.KD,United States,USA,59907.7542608847
"GDP per capita, PPP (constant 2017 international $)",NY.GDP.PCAP.PP.KD,Uruguay,URY,23384.7401885795
"GDP per capita, PPP (constant 2017 international $)",NY.GDP.PCAP.PP.KD,Uzbekistan,UZB,6840.70986001705
"GDP per capita, PPP (constant 2017 international $)",NY.GDP.PCAP.PP.KD,Vanuatu,VUT,3031.24317194292
"GDP per capita, PPP (constant 2017 international $)",NY.GDP.PCAP.PP.KD,"Venezuela, RB",VEN,..
"GDP per capita, PPP (constant 2017 international $)",NY.GDP.PCAP.PP.KD,Vietnam,VNM,9050.68853386204
"GDP per capita, PPP (constant 2017 international $)",NY.GDP.PCAP.PP.KD,Virgin Islands (U.S.),VIR,..
"GDP per capita, PPP (constant 2017 international $)",NY.GDP.PCAP.PP.KD,West Bank and Gaza,PSE,6401.74089135074
"GDP per capita, PPP (constant 2017 international $)",NY.GDP.PCAP.PP.KD,"Yemen, Rep.",YEM,..
"GDP per capita, PPP (constant 2017 international $)",NY.GDP.PCAP.PP.KD,Zambia,ZMB,3395.47968550242
"GDP per capita, PPP (constant 2017 international $)",NY.GDP.PCAP.PP.KD,Zimbabwe,ZWE,2331.78083283086
,,,,
,,,,
,,,,
Data from database: World Development Indicators,,,,
Last Updated: 09/19/2023,,,,
Code,License Type,Indicator Name,Long definition,Source,Topic,Periodicity,Base Period,Aggregation method,Statistical concept and methodology,License URL
NY.GDP.PCAP.PP.KD,CC BY-4.0,"GDP per capita, PPP (constant 2017 international $)",GDP per capita based on purchasing power parity (PPP). PPP GDP is gross domestic product converted to international dollars using purchasing power parity rates. An international dollar has the same purchasing power over GDP as the U.S. dollar has in the United States. GDP at purchaser's prices is the sum of gross value added by all resident producers in the country plus any product taxes and minus any subsidies not included in the value of the products. It is calculated without making deductions for depreciation of fabricated assets or for depletion and degradation of natural resources. Data are in constant 2017 international dollars.,"International Comparison Program, World Bank | World Development Indicators database, World Bank | Eurostat-OECD PPP Programme.",Economic Policy & Debt: Purchasing power parity,Annual,2017,Weighted average,"For the concept and methodology of 2017 PPP, please refer to the International Comparison Program (ICP)�s website (https://www.worldbank.org/en/programs/icp).",https://datacatalog.worldbank.org/public-licenses#cc-by
