"0",""
"0","#  Then a frequency table for hiqual_dv"
"0",""
"0","ukhls %>% sjmisc::frq(hiqual_dv)"
"1","[31mHighest qualification, UKHLS & BHPS samples (hiqual_dv)[39m[34m <categorical>[39m 
[34m# total N=39293 valid N=38435 mean=3.07 sd=1.65[39m

Value               |     N | Raw % | Valid % | Cum. %
------------------------------------------------------
Degree              | 10058 | 25.60 |   26.17 |  26.17
Other higher degree |  4659 | 11.86 |   12.12 |  38.29
A-level etc         |  8326 | 21.19 |   21.66 |  59.95
GCSE etc            |  7726 | 19.66 |   20.10 |  80.05
Other qualification |  3388 |  8.62 |    8.81 |  88.87
No qualification    |  4278 | 10.89 |   11.13 | 100.00
<NA>                |   858 |  2.18 |    <NA> |   <NA>
"
"0","# Then a frequency table for sex"
"0",""
"0","ukhls %>% sjmisc::frq(sex)"
"1","[31msex (sex)[39m[34m <categorical>[39m 
[34m# total N=39293 valid N=39293 mean=1.54 sd=0.50[39m

Value  |     N | Raw % | Valid % | Cum. %
-----------------------------------------
male   | 17925 | 45.62 |   45.62 |  45.62
female | 21368 | 54.38 |   54.38 | 100.00
<NA>   |     0 |  0.00 |    <NA> |   <NA>
"
"0","# Then summary stats for age"
"0",""
"0","mosaic::favstats( ~ age_dv, data = ukhls)"
